feature,missing_count,missing_percent
ca,611,66.41304347826087
thal,486,52.826086956521735
slope,309,33.58695652173913
fbs,90,9.782608695652174
oldpeak,62,6.739130434782608
trestbps,59,6.41304347826087
exang,55,5.978260869565218
thalach,55,5.978260869565218
chol,30,3.260869565217391
restecg,2,0.21739130434782608
age,0,0.0
sex,0,0.0
cp,0,0.0
source_site,0,0.0
num,0,0.0
disease_binary,0,0.0
